,imgseq,timestamp,broken
0,1_out.png,1530124348941801859,True
1,2_out.png,1530124349141580148,True
2,3_out.png,1530124349341750745,True
3,4_out.png,1530124349541742455,True
4,5_out.png,1530124349741748508,True
5,6_out.png,1530124349941710632,True
6,7_out.png,1530124350141833248,True
7,8_out.png,1530124350341732681,True
8,9_out.png,1530124350541773078,True
9,10_out.png,1530124350741746775,True
10,11_out.png,1530124350941622166,True
11,12_out.png,1530124351141662412,True
12,13_out.png,1530124351341701402,True
13,14_out.png,1530124351541773402,True
14,15_out.png,1530124351741728318,True
15,16_out.png,1530124351941846379,True
16,17_out.png,1530124352141773599,True
17,18_out.png,1530124352341757236,True
18,19_out.png,1530124352541687950,True
19,20_out.png,1530124352741698924,True
20,21_out.png,1530124352942132318,True
21,22_out.png,1530124353141998206,True
22,23_out.png,1530124353341740674,True
23,24_out.png,1530124353541842398,True
24,25_out.png,1530124353741636526,True
25,26_out.png,1530124353941818124,True
26,27_out.png,1530124354141622761,True
27,28_out.png,1530124354341733526,True
28,29_out.png,1530124354541775521,True
29,30_out.png,1530124354742007861,True
30,31_out.png,1530124354941957042,True
31,32_out.png,1530124355142616318,True
32,33_out.png,1530124355341598236,True
33,34_out.png,1530124355541889719,True
34,35_out.png,1530124355741627101,True
35,36_out.png,1530124355941923979,True
36,37_out.png,1530124356141789843,True
37,38_out.png,1530124356342009820,True
38,39_out.png,1530124356541786278,True
39,40_out.png,1530124356742001619,True
40,41_out.png,1530124356941829785,True
41,42_out.png,1530124357141959866,True
42,43_out.png,1530124357341792254,True
43,44_out.png,1530124357541837314,True
44,45_out.png,1530124357741606135,True
45,46_out.png,1530124357941717502,True
46,47_out.png,1530124358141638991,True
47,48_out.png,1530124358341899029,True
48,49_out.png,1530124358541666082,True
49,50_out.png,1530124358741829425,True
50,51_out.png,1530124358941654866,True
51,52_out.png,1530124359141609577,True
52,53_out.png,1530124359341984464,True
53,54_out.png,1530124359542030832,True
54,55_out.png,1530124359741705542,True
55,56_out.png,1530124359941982095,True
56,57_out.png,1530124360141577987,True
57,58_out.png,1530124360342005938,True
58,59_out.png,1530124360541653125,False
59,60_out.png,1530124360741781352,False
60,61_out.png,1530124360941620518,False
61,62_out.png,1530124361141812130,False
62,63_out.png,1530124361341706971,False
63,64_out.png,1530124361541762825,False
64,65_out.png,1530124361741715449,False
65,66_out.png,1530124361942012510,False
66,67_out.png,1530124362141752336,False
67,68_out.png,1530124362341703019,False
68,69_out.png,1530124362541824496,False
69,70_out.png,1530124362741887473,False
70,71_out.png,1530124362941633954,False
71,72_out.png,1530124363141754602,False
72,73_out.png,1530124363341789669,False
73,74_out.png,1530124363541637209,False
74,75_out.png,1530124363741744063,False
75,76_out.png,1530124363941757936,False
76,77_out.png,1530124364141766823,False
77,78_out.png,1530124364341779653,False
78,79_out.png,1530124364541629817,False
79,80_out.png,1530124364741967358,False
80,81_out.png,1530124364941655593,False
81,82_out.png,1530124365141901867,False
82,83_out.png,1530124365341663964,False
83,84_out.png,1530124365541906730,True
84,85_out.png,1530124365741765458,True
85,86_out.png,1530124365941746386,True
86,87_out.png,1530124366141647570,True
87,88_out.png,1530124366341862673,True
88,89_out.png,1530124366541888927,False
89,90_out.png,1530124366741666032,True
90,91_out.png,1530124366941671375,True
91,92_out.png,1530124367141828643,True
92,93_out.png,1530124367341660405,True
93,94_out.png,1530124367541780914,True
94,95_out.png,1530124367741713477,True
95,96_out.png,1530124367941825744,True
96,97_out.png,1530124368141693865,True
97,98_out.png,1530124368341857282,True
98,99_out.png,1530124368541738538,True
99,100_out.png,1530124368741929555,True
100,101_out.png,1530124368941770034,True
101,102_out.png,1530124369141728255,True
102,103_out.png,1530124369341791647,True
103,104_out.png,1530124369541979821,True
104,105_out.png,1530124369741836095,True
105,106_out.png,1530124369942146361,True
106,107_out.png,1530124370141981243,True
107,108_out.png,1530124370343187112,True
108,109_out.png,1530124370541763942,True
109,110_out.png,1530124370741685657,True
110,111_out.png,1530124370941954991,True
111,112_out.png,1530124371141599912,False
112,113_out.png,1530124371342125799,True
113,114_out.png,1530124371542430129,True
114,115_out.png,1530124371741956521,True
115,116_out.png,1530124371942546433,True
116,117_out.png,1530124372141858804,True
117,118_out.png,1530124372342429862,True
118,119_out.png,1530124372541902463,True
119,120_out.png,1530124372741663411,True
120,121_out.png,1530124372941562924,True
121,122_out.png,1530124373143055345,True
122,123_out.png,1530124373341970206,True
123,124_out.png,1530124373542021168,True
124,125_out.png,1530124373741951133,True
125,126_out.png,1530124373941937580,True
126,127_out.png,1530124374141910512,True
127,128_out.png,1530124374342046957,True
128,129_out.png,1530124374541855707,True
129,130_out.png,1530124374741844736,False
130,131_out.png,1530124374941729608,True
131,132_out.png,1530124375142160634,True
132,133_out.png,1530124375341849671,True
133,134_out.png,1530124375541823578,True
134,135_out.png,1530124375741820654,True
135,136_out.png,1530124375941655599,True
136,137_out.png,1530124376141710723,True
137,138_out.png,1530124376341794379,True
138,139_out.png,1530124376541668893,True
139,140_out.png,1530124376741756029,True
140,141_out.png,1530124376941687839,True
141,142_out.png,1530124377141904989,True
142,143_out.png,1530124377341744439,True
143,144_out.png,1530124377542454750,True
144,145_out.png,1530124377741693795,True
145,146_out.png,1530124377941886171,True
146,147_out.png,1530124378141736727,True
147,148_out.png,1530124378341836256,True
148,149_out.png,1530124378541859316,True
149,150_out.png,1530124378741986418,True
150,151_out.png,1530124378941758989,True
151,152_out.png,1530124379142668069,True
152,153_out.png,1530124379341810266,True
153,154_out.png,1530124379541919033,True
154,155_out.png,1530124379741678577,True
155,156_out.png,1530124379941636837,True
156,157_out.png,1530124380141718842,True
157,158_out.png,1530124380341835250,True
158,159_out.png,1530124380541835203,True
159,160_out.png,1530124380742370327,True
160,161_out.png,1530124380941820834,True
161,162_out.png,1530124381141989664,True
162,163_out.png,1530124381341898137,True
163,164_out.png,1530124381541791515,True
164,165_out.png,1530124381741698396,True
165,166_out.png,1530124381942136053,True
166,167_out.png,1530124382141856867,True
167,168_out.png,1530124382342119472,True
168,169_out.png,1530124382542327419,True
169,170_out.png,1530124382741815260,True
170,171_out.png,1530124382941832821,True
171,172_out.png,1530124383142303556,True
172,173_out.png,1530124383342128617,True
173,174_out.png,1530124383543053092,True
174,175_out.png,1530124383742129550,True
175,176_out.png,1530124383941822299,True
176,177_out.png,1530124384141943189,True
177,178_out.png,1530124384342282959,True
178,179_out.png,1530124384541892848,True
179,180_out.png,1530124384741975360,True
180,181_out.png,1530124384941676139,True
181,182_out.png,1530124385144250616,True
182,183_out.png,1530124385342156518,False
183,184_out.png,1530124385541766904,False
184,185_out.png,1530124385741918329,False
185,186_out.png,1530124385941765627,True
186,187_out.png,1530124386142003201,True
187,188_out.png,1530124386342122162,True
188,189_out.png,1530124386541477689,True
189,190_out.png,1530124386741604559,True
190,191_out.png,1530124386942214485,True
191,192_out.png,1530124387141914904,True
192,193_out.png,1530124387341734279,True
193,194_out.png,1530124387541809281,True
194,195_out.png,1530124387741476467,True
195,196_out.png,1530124387941581563,True
196,197_out.png,1530124388141415681,True
197,198_out.png,1530124388341435911,True
198,199_out.png,1530124388541521570,True
199,200_out.png,1530124388741346543,True
200,201_out.png,1530124388941354101,True
201,202_out.png,1530124389142294587,True
202,203_out.png,1530124389342146415,True
203,204_out.png,1530124389542055330,True
204,205_out.png,1530124389741995868,True
205,206_out.png,1530124389942253197,True
206,207_out.png,1530124390141897123,True
207,208_out.png,1530124390341667952,True
208,209_out.png,1530124390541473692,True
209,210_out.png,1530124390741865956,True
210,211_out.png,1530124390942002291,True
211,212_out.png,1530124391142379575,True
212,213_out.png,1530124391341910922,False
213,214_out.png,1530124391542244506,True
214,215_out.png,1530124391741387155,True
215,216_out.png,1530124391941951023,True
216,217_out.png,1530124392142164741,True
217,218_out.png,1530124392345515535,True
218,219_out.png,1530124392542026316,True
219,220_out.png,1530124392741848809,True
220,221_out.png,1530124392942347091,True
221,222_out.png,1530124393141776492,True
222,223_out.png,1530124393341733716,True
223,224_out.png,1530124393541848854,True
224,225_out.png,1530124393741948153,True
225,226_out.png,1530124393942416210,True
226,227_out.png,1530124394142020131,True
227,228_out.png,1530124394342100957,True
228,229_out.png,1530124394542049265,True
229,230_out.png,1530124394742255198,True
230,231_out.png,1530124394941469312,True
231,232_out.png,1530124395141693621,True
232,233_out.png,1530124395341510095,True
233,234_out.png,1530124395542007485,True
234,235_out.png,1530124395742000456,True
235,236_out.png,1530124395941831295,True
236,237_out.png,1530124396141696647,True
237,238_out.png,1530124396342364930,True
238,239_out.png,1530124396541860016,True
239,240_out.png,1530124396741789101,True
240,241_out.png,1530124396941848133,True
241,242_out.png,1530124397141661107,False
242,243_out.png,1530124397341916616,True
243,244_out.png,1530124397541470892,True
244,245_out.png,1530124397741970848,True
245,246_out.png,1530124397942438508,True
246,247_out.png,1530124398141564760,True
247,248_out.png,1530124398341702558,True
248,249_out.png,1530124398542148204,True
249,250_out.png,1530124398742151329,True
250,251_out.png,1530124398941702631,True
251,252_out.png,1530124399141900138,True
252,253_out.png,1530124399341368681,True
253,254_out.png,1530124399541720199,True
254,255_out.png,1530124399741850709,True
255,256_out.png,1530124399941753245,True
256,257_out.png,1530124400141910671,True
257,258_out.png,1530124400341593064,True
258,259_out.png,1530124400541865730,True
259,260_out.png,1530124400741735206,True
260,261_out.png,1530124400941342728,True
261,262_out.png,1530124401141855445,False
262,263_out.png,1530124401341724878,True
263,264_out.png,1530124401541989580,True
264,265_out.png,1530124401741502646,True
265,266_out.png,1530124401941384316,True
266,267_out.png,1530124402142100697,True
267,268_out.png,1530124402342129008,True
268,269_out.png,1530124402541743767,True
269,270_out.png,1530124402741739066,True
270,271_out.png,1530124402941445910,True
271,272_out.png,1530124403141622412,True
272,273_out.png,1530124403341240265,True
273,274_out.png,1530124403541662826,True
274,275_out.png,1530124403741169025,True
275,276_out.png,1530124403941308231,True
276,277_out.png,1530124404141406326,True
277,278_out.png,1530124404341139175,True
278,279_out.png,1530124404541120320,False
279,280_out.png,1530124404741397102,True
280,281_out.png,1530124404941022930,True
281,282_out.png,1530124405141298249,True
282,283_out.png,1530124405341084068,True
283,284_out.png,1530124405541600672,True
284,285_out.png,1530124405740955962,True
285,286_out.png,1530124405941049285,True
286,287_out.png,1530124406141051477,True
287,288_out.png,1530124406340919775,True
288,289_out.png,1530124406541035750,True
289,290_out.png,1530124406740982447,True
290,291_out.png,1530124406940985898,True
291,292_out.png,1530124407140989455,True
292,293_out.png,1530124407340942230,True
293,294_out.png,1530124407541295697,True
294,295_out.png,1530124407740962396,True
295,296_out.png,1530124407941235959,True
296,297_out.png,1530124408140992625,False
297,298_out.png,1530124408341002903,True
298,299_out.png,1530124408541071902,True
299,300_out.png,1530124408741161688,True
300,301_out.png,1530124408941106836,True
301,302_out.png,1530124409141479584,True
302,303_out.png,1530124409341378362,True
303,304_out.png,1530124409541277206,True
304,305_out.png,1530124409740952130,True
305,306_out.png,1530124409941157620,True
306,307_out.png,1530124410141158687,True
307,308_out.png,1530124410341150535,True
308,309_out.png,1530124410541143394,True
309,310_out.png,1530124410741119259,True
310,311_out.png,1530124410941026646,False
311,312_out.png,1530124411141164006,True
312,313_out.png,1530124411341058658,True
313,314_out.png,1530124411541095636,True
314,315_out.png,1530124411741047472,True
315,316_out.png,1530124411941236039,True
316,317_out.png,1530124412141009653,True
317,318_out.png,1530124412341191898,True
318,319_out.png,1530124412541064057,True
319,320_out.png,1530124412741165754,True
320,321_out.png,1530124412941197292,True
321,322_out.png,1530124413141012363,True
322,323_out.png,1530124413341036360,True
323,324_out.png,1530124413541012514,True
324,325_out.png,1530124413741093002,True
325,326_out.png,1530124413941235853,True
326,327_out.png,1530124414141033036,True
327,328_out.png,1530124414341280059,True
328,329_out.png,1530124414541670959,True
329,330_out.png,1530124414741958885,True
330,331_out.png,1530124414941922582,True
331,332_out.png,1530124415141782515,True
332,333_out.png,1530124415341723264,True
333,334_out.png,1530124415541823040,True
334,335_out.png,1530124415741508150,True
335,336_out.png,1530124415941643288,True
336,337_out.png,1530124416141395655,True
337,338_out.png,1530124416341975983,True
338,339_out.png,1530124416541724809,True
339,340_out.png,1530124416741746466,True
340,341_out.png,1530124416941892348,True
341,342_out.png,1530124417141984998,True
342,343_out.png,1530124417342236002,True
343,344_out.png,1530124417542004235,True
344,345_out.png,1530124417741503645,True
345,346_out.png,1530124417941790736,True
346,347_out.png,1530124418141938026,True
347,348_out.png,1530124418342096365,True
348,349_out.png,1530124418541530862,True
349,350_out.png,1530124418742047071,True
350,351_out.png,1530124418941762431,True
351,352_out.png,1530124419141971353,True
352,353_out.png,1530124419341832703,True
353,354_out.png,1530124419542134340,True
354,355_out.png,1530124419741781228,True
355,356_out.png,1530124419941915943,True
356,357_out.png,1530124420142171168,True
357,358_out.png,1530124420342144347,True
358,359_out.png,1530124420541812723,True
359,360_out.png,1530124420741767929,True
360,361_out.png,1530124420941764951,True
361,362_out.png,1530124421142130847,True
362,363_out.png,1530124421342043528,True
363,364_out.png,1530124421542261345,True
364,365_out.png,1530124421741965841,True
365,366_out.png,1530124421942041272,True
366,367_out.png,1530124422141753793,True
367,368_out.png,1530124422341687897,True
368,369_out.png,1530124422542012800,True
369,370_out.png,1530124422741932156,True
370,371_out.png,1530124422942207574,True
371,372_out.png,1530124423141670493,True
372,373_out.png,1530124423341936840,True
373,374_out.png,1530124423542439566,True
374,375_out.png,1530124423742132969,True
375,376_out.png,1530124423942001117,True
376,377_out.png,1530124424141923026,True
377,378_out.png,1530124424342593736,True
378,379_out.png,1530124424541666210,True
379,380_out.png,1530124424742363678,True
380,381_out.png,1530124424941754318,True
381,382_out.png,1530124425141632503,True
382,383_out.png,1530124425341981470,True
383,384_out.png,1530124425541993949,True
384,385_out.png,1530124425741626532,True
385,386_out.png,1530124425943342360,True
386,387_out.png,1530124426141716697,True
387,388_out.png,1530124426341864115,True
388,389_out.png,1530124426542196457,True
389,390_out.png,1530124426742202945,True
390,391_out.png,1530124426941626011,True
391,392_out.png,1530124427141552158,True
392,393_out.png,1530124427342009702,True
393,394_out.png,1530124427542146268,True
394,395_out.png,1530124427741916340,True
395,396_out.png,1530124427942011619,True
396,397_out.png,1530124428141673620,True
397,398_out.png,1530124428342338107,True
398,399_out.png,1530124428541713959,True
399,400_out.png,1530124428741698556,True
400,401_out.png,1530124428941730550,True
401,402_out.png,1530124429141810756,True
402,403_out.png,1530124429341696402,True
403,404_out.png,1530124429541699213,True
404,405_out.png,1530124429741571212,True
405,406_out.png,1530124429941982959,True
406,407_out.png,1530124430141714849,True
407,408_out.png,1530124430341728437,True
408,409_out.png,1530124430541570084,True
409,410_out.png,1530124430741858037,True
410,411_out.png,1530124430941504749,True
411,412_out.png,1530124431141615495,True
412,413_out.png,1530124431341573196,True
413,414_out.png,1530124431541761232,True
414,415_out.png,1530124431741561289,True
415,416_out.png,1530124431941734534,True
416,417_out.png,1530124432141532101,True
417,418_out.png,1530124432341823418,True
418,419_out.png,1530124432541661435,True
419,420_out.png,1530124432742332300,True
420,421_out.png,1530124432942164840,True
421,422_out.png,1530124433144012608,True
422,423_out.png,1530124433341926583,True
423,424_out.png,1530124433542107617,True
424,425_out.png,1530124433742194527,True
425,426_out.png,1530124433942374412,True
426,427_out.png,1530124434141846361,True
427,428_out.png,1530124434341865158,True
428,429_out.png,1530124434542126459,True
429,430_out.png,1530124434742260550,True
430,431_out.png,1530124434941871353,True
431,432_out.png,1530124435141970083,False
432,433_out.png,1530124435342102005,False
433,434_out.png,1530124435542035384,False
434,435_out.png,1530124435742141934,False
435,436_out.png,1530124435942101212,False
436,437_out.png,1530124436142212885,False
437,438_out.png,1530124436342515622,False
438,439_out.png,1530124436542015133,False
439,440_out.png,1530124436742158718,False
440,441_out.png,1530124436942003447,False
441,442_out.png,1530124437142414128,False
442,443_out.png,1530124437342114394,False
443,444_out.png,1530124437541973217,False
444,445_out.png,1530124437742186153,False
445,446_out.png,1530124437942228246,False
446,447_out.png,1530124438141943375,False
447,448_out.png,1530124438342400457,False
448,449_out.png,1530124438542102586,False
449,450_out.png,1530124438742300664,False
450,451_out.png,1530124438942020684,False
451,452_out.png,1530124439142060547,False
452,453_out.png,1530124439342446315,False
453,454_out.png,1530124439543465910,False
454,455_out.png,1530124439742133978,False
455,456_out.png,1530124439942741199,False
456,457_out.png,1530124440142137210,False
